{
  "2D": 311327.270000697,
  "3D": 53.9660000801087,
  "AFK": 382.999000072479,
  "AssetLib": 5.4610002040863,
  "Editor": 727639.153000831,
  "External": 368121.351000069,
  "Game": 45921.5250012874,
  "ResourceTables": 1754.21199965477,
  "Script": 455.367998838424
}